{
"meta":{"test_sets":[],"test_metrics":[],"learn_metrics":[{"best_value":"Min","name":"RMSE"}],"launch_mode":"Train","parameters":"","iteration_count":500,"learn_sets":["learn"],"name":"experiment"},
"iterations":[
{"learn":[1709.327805],"iteration":0,"passed_time":0.00269163133,"remaining_time":1.343124034},
{"learn":[1699.481141],"iteration":1,"passed_time":0.004079510897,"remaining_time":1.015798213},
{"learn":[1689.231329],"iteration":2,"passed_time":0.004863120334,"remaining_time":0.8056569353},
{"learn":[1679.149819],"iteration":3,"passed_time":0.006125787396,"remaining_time":0.7595976371},
{"learn":[1669.208241],"iteration":4,"passed_time":0.006847936452,"remaining_time":0.6779457087},
{"learn":[1659.430217],"iteration":5,"passed_time":0.007557085075,"remaining_time":0.6222000045},
{"learn":[1650.252618],"iteration":6,"passed_time":0.008249899821,"remaining_time":0.5810286588},
{"learn":[1640.764768],"iteration":7,"passed_time":0.008898546429,"remaining_time":0.5472606054},
{"learn":[1631.501169],"iteration":8,"passed_time":0.009613195235,"remaining_time":0.5244532067},
{"learn":[1622.335077],"iteration":9,"passed_time":0.01028088414,"remaining_time":0.503763323},
{"learn":[1613.39832],"iteration":10,"passed_time":0.01089823804,"remaining_time":0.4844762184},
{"learn":[1604.506402],"iteration":11,"passed_time":0.01170522326,"remaining_time":0.4760124125},
{"learn":[1595.763482],"iteration":12,"passed_time":0.01252516724,"remaining_time":0.4692120342},
{"learn":[1587.115082],"iteration":13,"passed_time":0.01360807831,"remaining_time":0.4723947186},
{"learn":[1578.782341],"iteration":14,"passed_time":0.01439047938,"remaining_time":0.4652921665},
{"learn":[1571.207095],"iteration":15,"passed_time":0.0151645885,"remaining_time":0.458728802},
{"learn":[1563.106016],"iteration":16,"passed_time":0.01618916429,"remaining_time":0.4599627267},
{"learn":[1555.012539],"iteration":17,"passed_time":0.01718869759,"remaining_time":0.4602751244},
{"learn":[1547.120499],"iteration":18,"passed_time":0.01775559147,"remaining_time":0.4494968157},
{"learn":[1539.152443],"iteration":19,"passed_time":0.01838707084,"remaining_time":0.4412897002},
{"learn":[1531.542705],"iteration":20,"passed_time":0.01908992759,"remaining_time":0.4354321579},
{"learn":[1524.408618],"iteration":21,"passed_time":0.01978065893,"remaining_time":0.4297797714},
{"learn":[1516.785681],"iteration":22,"passed_time":0.02040276299,"remaining_time":0.4231355629},
{"learn":[1509.316884],"iteration":23,"passed_time":0.02099182428,"remaining_time":0.4163378482},
{"learn":[1502.023526],"iteration":24,"passed_time":0.02166047155,"remaining_time":0.4115489595},
{"learn":[1495.03518],"iteration":25,"passed_time":0.02226565838,"remaining_time":0.4059200797},
{"learn":[1487.973027],"iteration":26,"passed_time":0.02289063753,"remaining_time":0.4010100575},
{"learn":[1481.184061],"iteration":27,"passed_time":0.02356528501,"remaining_time":0.3972433758},
{"learn":[1474.348967],"iteration":28,"passed_time":0.02427426696,"remaining_time":0.3942475771},
{"learn":[1467.597816],"iteration":29,"passed_time":0.0249891241,"remaining_time":0.3914962776},
{"learn":[1460.987799],"iteration":30,"passed_time":0.0255983944,"remaining_time":0.3872789346},
{"learn":[1454.676874],"iteration":31,"passed_time":0.02622387357,"remaining_time":0.383524151},
{"learn":[1448.169933],"iteration":32,"passed_time":0.02687056178,"remaining_time":0.3802591621},
{"learn":[1442.144081],"iteration":33,"passed_time":0.0274645399,"remaining_time":0.3764257527},
{"learn":[1435.984213],"iteration":34,"passed_time":0.02807260182,"remaining_time":0.3729645671},
{"learn":[1429.716687],"iteration":35,"passed_time":0.02868953904,"remaining_time":0.369776281},
{"learn":[1423.77083],"iteration":36,"passed_time":0.02929255913,"remaining_time":0.3665528345},
{"learn":[1418.088325],"iteration":37,"passed_time":0.02989349581,"remaining_time":0.3634419754},
{"learn":[1412.163652],"iteration":38,"passed_time":0.03053505885,"remaining_time":0.3609400546},
{"learn":[1406.674002],"iteration":39,"passed_time":0.03120745625,"remaining_time":0.3588857469},
{"learn":[1401.038772],"iteration":40,"passed_time":0.03189068734,"remaining_time":0.3570201339},
{"learn":[1395.532288],"iteration":41,"passed_time":0.03249145736,"remaining_time":0.3543116064},
{"learn":[1390.812619],"iteration":42,"passed_time":0.03305489279,"remaining_time":0.3513043257},
{"learn":[1385.533078],"iteration":43,"passed_time":0.0336624547,"remaining_time":0.3488654396},
{"learn":[1380.267991],"iteration":44,"passed_time":0.03422797354,"remaining_time":0.3460828435},
{"learn":[1374.956627],"iteration":45,"passed_time":0.03486132797,"remaining_time":0.3440661499},
{"learn":[1369.848042],"iteration":46,"passed_time":0.03552234999,"remaining_time":0.3423749903},
{"learn":[1365.009922],"iteration":47,"passed_time":0.0361072028,"remaining_time":0.3400094931},
{"learn":[1360.025433],"iteration":48,"passed_time":0.03665930453,"remaining_time":0.3374152315},
{"learn":[1355.273947],"iteration":49,"passed_time":0.03722340665,"remaining_time":0.3350106599},
{"learn":[1350.734837],"iteration":50,"passed_time":0.03777150824,"remaining_time":0.3325373961},
{"learn":[1346.133713],"iteration":51,"passed_time":0.03836494468,"remaining_time":0.3305287542},
{"learn":[1341.64451],"iteration":52,"passed_time":0.0389719649,"remaining_time":0.3286880813},
{"learn":[1337.401917],"iteration":53,"passed_time":0.03954881745,"remaining_time":0.3266439367},
{"learn":[1333.034184],"iteration":54,"passed_time":0.04012379494,"remaining_time":0.3246379772},
{"learn":[1328.947105],"iteration":55,"passed_time":0.04074739904,"remaining_time":0.3230686639},
{"learn":[1324.46693],"iteration":56,"passed_time":0.04127612499,"remaining_time":0.3207951469},
{"learn":[1320.072108],"iteration":57,"passed_time":0.04189952076,"remaining_time":0.3193032444},
{"learn":[1315.794367],"iteration":58,"passed_time":0.04243162182,"remaining_time":0.3171583936},
{"learn":[1311.717552],"iteration":59,"passed_time":0.04296659797,"remaining_time":0.3150883851},
{"learn":[1307.694518],"iteration":60,"passed_time":0.04357365986,"remaining_time":0.3135874865},
{"learn":[1303.754307],"iteration":61,"passed_time":0.04413197012,"remaining_time":0.3117710148},
{"learn":[1300.065636],"iteration":62,"passed_time":0.04467707162,"remaining_time":0.3099028618},
{"learn":[1296.211937],"iteration":63,"passed_time":0.04527525821,"remaining_time":0.3084376966},
{"learn":[1292.440038],"iteration":64,"passed_time":0.04582965168,"remaining_time":0.3067061305},
{"learn":[1289.11285],"iteration":65,"passed_time":0.04640033736,"remaining_time":0.3051173699},
{"learn":[1285.568679],"iteration":66,"passed_time":0.04692368812,"remaining_time":0.3032530889},
{"learn":[1281.927187],"iteration":67,"passed_time":0.04739424546,"remaining_time":0.3010928535},
{"learn":[1278.396704],"iteration":68,"passed_time":0.04786505281,"remaining_time":0.298983156},
{"learn":[1274.875124],"iteration":69,"passed_time":0.04835690253,"remaining_time":0.2970495441},
{"learn":[1271.450601],"iteration":70,"passed_time":0.04885887759,"remaining_time":0.2952177251},
{"learn":[1268.302597],"iteration":71,"passed_time":0.04936181101,"remaining_time":0.2934285432},
{"learn":[1264.991316],"iteration":72,"passed_time":0.04988941192,"remaining_time":0.2918188889},
{"learn":[1261.73295],"iteration":73,"passed_time":0.0504030957,"remaining_time":0.2901583617},
{"learn":[1258.632689],"iteration":74,"passed_time":0.05096411438,"remaining_time":0.2887966482},
{"learn":[1255.432037],"iteration":75,"passed_time":0.05149096527,"remaining_time":0.2872653852},
{"learn":[1252.563244],"iteration":76,"passed_time":0.05200773248,"remaining_time":0.2857048161},
{"learn":[1249.576362],"iteration":77,"passed_time":0.05248174827,"remaining_time":0.283939715},
{"learn":[1246.676004],"iteration":78,"passed_time":0.05297976486,"remaining_time":0.2823352026},
{"learn":[1243.895924],"iteration":79,"passed_time":0.05345144724,"remaining_time":0.280620098},
{"learn":[1240.947366],"iteration":80,"passed_time":0.05398346496,"remaining_time":0.2792478002},
{"learn":[1238.348804],"iteration":81,"passed_time":0.05445464733,"remaining_time":0.2775858852},
{"learn":[1235.57514],"iteration":82,"passed_time":0.05499466532,"remaining_time":0.2762984992},
{"learn":[1232.747629],"iteration":83,"passed_time":0.05550114052,"remaining_time":0.2748627912},
{"learn":[1230.405976],"iteration":84,"passed_time":0.05598699004,"remaining_time":0.2733482455},
{"learn":[1227.706757],"iteration":85,"passed_time":0.05653642501,"remaining_time":0.2721637204},
{"learn":[1225.185769],"iteration":86,"passed_time":0.0570134409,"remaining_time":0.2706500125},
{"learn":[1222.721831],"iteration":87,"passed_time":0.05748412325,"remaining_time":0.2691302134},
{"learn":[1220.169967],"iteration":88,"passed_time":0.05795755568,"remaining_time":0.2676466897},
{"learn":[1217.887219],"iteration":89,"passed_time":0.05845532226,"remaining_time":0.2662964681},
{"learn":[1215.495489],"iteration":90,"passed_time":0.05891771267,"remaining_time":0.2648059833},
{"learn":[1213.152534],"iteration":91,"passed_time":0.05936760265,"remaining_time":0.2632824118},
{"learn":[1211.249192],"iteration":92,"passed_time":0.05981895102,"remaining_time":0.2617883125},
{"learn":[1209.030411],"iteration":93,"passed_time":0.06033871834,"remaining_time":0.2606119111},
{"learn":[1206.72239],"iteration":94,"passed_time":0.06080210877,"remaining_time":0.25920899},
{"learn":[1204.422653],"iteration":95,"passed_time":0.06124962368,"remaining_time":0.257758833},
{"learn":[1202.615029],"iteration":96,"passed_time":0.06180597555,"remaining_time":0.2567815273},
{"learn":[1200.592997],"iteration":97,"passed_time":0.0622608657,"remaining_time":0.2553966124},
{"learn":[1198.453698],"iteration":98,"passed_time":0.06271221407,"remaining_time":0.2540161398},
{"learn":[1196.332451],"iteration":99,"passed_time":0.06316718756,"remaining_time":0.2526687502},
{"learn":[1194.379315],"iteration":100,"passed_time":0.06358432646,"remaining_time":0.2511895669},
{"learn":[1192.568347],"iteration":101,"passed_time":0.06402246605,"remaining_time":0.2498131518},
{"learn":[1190.579144],"iteration":102,"passed_time":0.06444552181,"remaining_time":0.2483968171},
{"learn":[1188.738198],"iteration":103,"passed_time":0.06484991028,"remaining_time":0.2469285045},
{"learn":[1186.838117],"iteration":104,"passed_time":0.06526713251,"remaining_time":0.2455287366},
{"learn":[1184.967747],"iteration":105,"passed_time":0.06567627114,"remaining_time":0.2441174607},
{"learn":[1183.046124],"iteration":106,"passed_time":0.06618787152,"remaining_time":0.2431012477},
{"learn":[1181.301198],"iteration":107,"passed_time":0.06663121962,"remaining_time":0.241846649},
{"learn":[1179.678977],"iteration":108,"passed_time":0.06705848385,"remaining_time":0.2405492402},
{"learn":[1177.824732],"iteration":109,"passed_time":0.06747728947,"remaining_time":0.2392376627},
{"learn":[1176.046989],"iteration":110,"passed_time":0.06792201262,"remaining_time":0.2380329992},
{"learn":[1174.337258],"iteration":111,"passed_time":0.06833581807,"remaining_time":0.2367347983},
{"learn":[1172.878929],"iteration":112,"passed_time":0.06875104024,"remaining_time":0.2354571024},
{"learn":[1171.242704],"iteration":113,"passed_time":0.06917234594,"remaining_time":0.2342151362},
{"learn":[1169.662485],"iteration":114,"passed_time":0.06959006819,"remaining_time":0.2329754457},
{"learn":[1168.154552],"iteration":115,"passed_time":0.07000374863,"remaining_time":0.2317365472},
{"learn":[1166.60249],"iteration":116,"passed_time":0.07043897146,"remaining_time":0.2305822741},
{"learn":[1165.302447],"iteration":117,"passed_time":0.07085652704,"remaining_time":0.2293829943},
{"learn":[1163.795653],"iteration":118,"passed_time":0.07127120752,"remaining_time":0.2281876476},
{"learn":[1162.432198],"iteration":119,"passed_time":0.07169751339,"remaining_time":0.2270421257},
{"learn":[1160.932954],"iteration":120,"passed_time":0.07210948545,"remaining_time":0.2258635949},
{"learn":[1159.486579],"iteration":121,"passed_time":0.07257358424,"remaining_time":0.2248591381},
{"learn":[1158.057653],"iteration":122,"passed_time":0.07301693234,"remaining_time":0.2237998658},
{"learn":[1156.675115],"iteration":123,"passed_time":0.07344452992,"remaining_time":0.2227027681},
{"learn":[1155.491322],"iteration":124,"passed_time":0.07384650164,"remaining_time":0.2215395049},
{"learn":[1154.239436],"iteration":125,"passed_time":0.07425089011,"remaining_time":0.2203954992},
{"learn":[1152.860062],"iteration":126,"passed_time":0.07467590427,"remaining_time":0.2193237188},
{"learn":[1151.60936],"iteration":127,"passed_time":0.07513883636,"remaining_time":0.2183722432},
{"learn":[1150.358544],"iteration":128,"passed_time":0.07556443387,"remaining_time":0.2173209687},
{"learn":[1149.232729],"iteration":129,"passed_time":0.07598907302,"remaining_time":0.2162765924},
{"learn":[1147.974224],"iteration":130,"passed_time":0.07640771196,"remaining_time":0.2152247764},
{"learn":[1146.94025],"iteration":131,"passed_time":0.07683164275,"remaining_time":0.2141973071},
{"learn":[1145.682902],"iteration":132,"passed_time":0.07725832363,"remaining_time":0.213186502},
{"learn":[1144.634199],"iteration":133,"passed_time":0.07767650423,"remaining_time":0.2121611981},
{"learn":[1143.485365],"iteration":134,"passed_time":0.07810210174,"remaining_time":0.2111649417},
{"learn":[1142.357331],"iteration":135,"passed_time":0.07852686589,"remaining_time":0.2101748469},
{"learn":[1141.400154],"iteration":136,"passed_time":0.07894879661,"remaining_time":0.2091854976},
{"learn":[1140.361245],"iteration":137,"passed_time":0.07943139602,"remaining_time":0.2083635171},
{"learn":[1139.277369],"iteration":138,"passed_time":0.0798769942,"remaining_time":0.2074503231},
{"learn":[1138.297294],"iteration":139,"passed_time":0.08029742487,"remaining_time":0.2064790925},
{"learn":[1137.418296],"iteration":140,"passed_time":0.08072610582,"remaining_time":0.2055366808},
{"learn":[1136.630117],"iteration":141,"passed_time":0.08113711951,"remaining_time":0.2045569633},
{"learn":[1135.687954],"iteration":142,"passed_time":0.08155063328,"remaining_time":0.2035914411},
{"learn":[1134.659635],"iteration":143,"passed_time":0.08201148197,"remaining_time":0.2027506082},
{"learn":[1133.652717],"iteration":144,"passed_time":0.08245633012,"remaining_time":0.2018758427},
{"learn":[1132.717421],"iteration":145,"passed_time":0.08288355268,"remaining_time":0.2009642305},
{"learn":[1131.907656],"iteration":146,"passed_time":0.08333031757,"remaining_time":0.2001061367},
{"learn":[1131.222679],"iteration":147,"passed_time":0.08375228996,"remaining_time":0.1991946356},
{"learn":[1130.48444],"iteration":148,"passed_time":0.08418805447,"remaining_time":0.1983221954},
{"learn":[1129.562226],"iteration":149,"passed_time":0.08462665242,"remaining_time":0.197462189},
{"learn":[1128.636377],"iteration":150,"passed_time":0.08505099989,"remaining_time":0.1965748276},
{"learn":[1127.91335],"iteration":151,"passed_time":0.08546751376,"remaining_time":0.1956756236},
{"learn":[1127.024678],"iteration":152,"passed_time":0.08594757142,"remaining_time":0.194926845},
{"learn":[1126.269761],"iteration":153,"passed_time":0.08637833577,"remaining_time":0.1940708063},
{"learn":[1125.413708],"iteration":154,"passed_time":0.08680518332,"remaining_time":0.1932115371},
{"learn":[1124.721784],"iteration":155,"passed_time":0.08722861409,"remaining_time":0.1923502772},
{"learn":[1123.981522],"iteration":156,"passed_time":0.08765337824,"remaining_time":0.1914975079},
{"learn":[1123.317123],"iteration":157,"passed_time":0.08806964211,"remaining_time":0.190631757},
{"learn":[1122.66468],"iteration":158,"passed_time":0.08848503095,"remaining_time":0.1897697834},
{"learn":[1122.039182],"iteration":159,"passed_time":0.08890016978,"remaining_time":0.1889128608},
{"learn":[1121.36242],"iteration":160,"passed_time":0.0893231422,"remaining_time":0.1880779205},
{"learn":[1120.758319],"iteration":161,"passed_time":0.08975990675,"remaining_time":0.1872768425},
{"learn":[1120.165638],"iteration":162,"passed_time":0.09021229682,"remaining_time":0.1865125401},
{"learn":[1119.641061],"iteration":163,"passed_time":0.09063918604,"remaining_time":0.1856997958},
{"learn":[1118.893633],"iteration":164,"passed_time":0.09107182545,"remaining_time":0.1849034032},
{"learn":[1118.223599],"iteration":165,"passed_time":0.09161780197,"remaining_time":0.1843394329},
{"learn":[1117.687747],"iteration":166,"passed_time":0.09204473286,"remaining_time":0.1835382997},
{"learn":[1117.056546],"iteration":167,"passed_time":0.09251429017,"remaining_time":0.1828258591},
{"learn":[1116.386271],"iteration":168,"passed_time":0.09293142907,"remaining_time":0.1820136273},
{"learn":[1115.816147],"iteration":169,"passed_time":0.09337840229,"remaining_time":0.1812639574},
{"learn":[1115.12878],"iteration":170,"passed_time":0.0938020414,"remaining_time":0.1804729335},
{"learn":[1114.54998],"iteration":171,"passed_time":0.09422247207,"remaining_time":0.179680063},
{"learn":[1114.002974],"iteration":172,"passed_time":0.09468923762,"remaining_time":0.1789790792},
{"learn":[1113.419256],"iteration":173,"passed_time":0.09511321008,"remaining_time":0.178200612},
{"learn":[1112.909934],"iteration":174,"passed_time":0.09556443344,"remaining_time":0.177476805},
{"learn":[1112.269493],"iteration":175,"passed_time":0.09598153067,"remaining_time":0.1766932724},
{"learn":[1111.647459],"iteration":176,"passed_time":0.09640133632,"remaining_time":0.1759188228},
{"learn":[1111.194737],"iteration":177,"passed_time":0.09681610014,"remaining_time":0.1751392373},
{"learn":[1110.681406],"iteration":178,"passed_time":0.09722028027,"remaining_time":0.1743447484},
{"learn":[1110.245591],"iteration":179,"passed_time":0.09766662847,"remaining_time":0.1736295617},
{"learn":[1109.73829],"iteration":180,"passed_time":0.09810135129,"remaining_time":0.1728968567},
{"learn":[1109.285625],"iteration":181,"passed_time":0.09851128161,"remaining_time":0.1721241074},
{"learn":[1108.731375],"iteration":182,"passed_time":0.09891896186,"remaining_time":0.1713514257},
{"learn":[1108.171919],"iteration":183,"passed_time":0.09934430936,"remaining_time":0.170613053},
{"learn":[1107.637907],"iteration":184,"passed_time":0.09976378167,"remaining_time":0.1698680607},
{"learn":[1107.276391],"iteration":185,"passed_time":0.1001673368,"remaining_time":0.1690996976},
{"learn":[1106.770009],"iteration":186,"passed_time":0.1005893925,"remaining_time":0.1683662024},
{"learn":[1106.304003],"iteration":187,"passed_time":0.1010129483,"remaining_time":0.1676385099},
{"learn":[1105.971657],"iteration":188,"passed_time":0.1014372124,"remaining_time":0.1669152014},
{"learn":[1105.718219],"iteration":189,"passed_time":0.1018553513,"remaining_time":0.1661850469},
{"learn":[1105.387369],"iteration":190,"passed_time":0.1022683651,"remaining_time":0.1654498681},
{"learn":[1105.108806],"iteration":191,"passed_time":0.1026837956,"remaining_time":0.1647219221},
{"learn":[1104.733045],"iteration":192,"passed_time":0.1030782671,"remaining_time":0.1639638756},
{"learn":[1104.345362],"iteration":193,"passed_time":0.1035083647,"remaining_time":0.1632657712},
{"learn":[1103.99439],"iteration":194,"passed_time":0.1039198784,"remaining_time":0.1625413483},
{"learn":[1103.724559],"iteration":195,"passed_time":0.1043546013,"remaining_time":0.1618561162},
{"learn":[1103.347613],"iteration":196,"passed_time":0.1047783654,"remaining_time":0.1611565721},
{"learn":[1103.004216],"iteration":197,"passed_time":0.1051909208,"remaining_time":0.1604427176},
{"learn":[1102.66033],"iteration":198,"passed_time":0.1056036012,"remaining_time":0.1597320802},
{"learn":[1102.284729],"iteration":199,"passed_time":0.1060359073,"remaining_time":0.1590538609},
{"learn":[1101.941456],"iteration":200,"passed_time":0.1065523411,"remaining_time":0.1585032338},
{"learn":[1101.601451],"iteration":201,"passed_time":0.1069733135,"remaining_time":0.157812116},
{"learn":[1101.347754],"iteration":202,"passed_time":0.107398911,"remaining_time":0.1571304264},
{"learn":[1100.984392],"iteration":203,"passed_time":0.1078295504,"remaining_time":0.1564585633},
{"learn":[1100.642635],"iteration":204,"passed_time":0.1082385223,"remaining_time":0.1557578736},
{"learn":[1100.315205],"iteration":205,"passed_time":0.1086537861,"remaining_time":0.1550689958},
{"learn":[1099.983863],"iteration":206,"passed_time":0.1090695083,"remaining_time":0.1543834103},
{"learn":[1099.720992],"iteration":207,"passed_time":0.1094954392,"remaining_time":0.1537147512},
{"learn":[1099.418973],"iteration":208,"passed_time":0.109910953,"remaining_time":0.1530339107},
{"learn":[1099.088948],"iteration":209,"passed_time":0.1103382589,"remaining_time":0.1523718814},
{"learn":[1098.867434],"iteration":210,"passed_time":0.1107333137,"remaining_time":0.1516679037},
{"learn":[1098.550146],"iteration":211,"passed_time":0.1111537861,"remaining_time":0.1510013698},
{"learn":[1098.322993],"iteration":212,"passed_time":0.1115635081,"remaining_time":0.1503226611},
{"learn":[1098.082623],"iteration":213,"passed_time":0.1119797719,"remaining_time":0.1496552092},
{"learn":[1097.919321],"iteration":214,"passed_time":0.1123999109,"remaining_time":0.1489952308},
{"learn":[1097.593291],"iteration":215,"passed_time":0.1128182582,"remaining_time":0.1483351173},
{"learn":[1097.255948],"iteration":216,"passed_time":0.1132410223,"remaining_time":0.1476829922},
{"learn":[1097.023832],"iteration":217,"passed_time":0.1136667031,"remaining_time":0.1470367444},
{"learn":[1096.769185],"iteration":218,"passed_time":0.1141101346,"remaining_time":0.1464152868},
{"learn":[1096.519135],"iteration":219,"passed_time":0.1145282318,"remaining_time":0.1457632042},
{"learn":[1096.366853],"iteration":220,"passed_time":0.1149650797,"remaining_time":0.1451369106},
{"learn":[1096.146542],"iteration":221,"passed_time":0.1153565511,"remaining_time":0.1444555009},
{"learn":[1095.923236],"iteration":222,"passed_time":0.1158225666,"remaining_time":0.1438692868},
{"learn":[1095.700779],"iteration":223,"passed_time":0.1162663731,"remaining_time":0.1432567811},
{"learn":[1095.414302],"iteration":224,"passed_time":0.11667597,"remaining_time":0.1426039634},
{"learn":[1095.249375],"iteration":225,"passed_time":0.1170878588,"remaining_time":0.1419560766},
{"learn":[1094.998366],"iteration":226,"passed_time":0.117516123,"remaining_time":0.1413299629},
{"learn":[1094.682011],"iteration":227,"passed_time":0.1179379287,"remaining_time":0.1406978799},
{"learn":[1094.438694],"iteration":228,"passed_time":0.1183801935,"remaining_time":0.1400918447},
{"learn":[1094.20191],"iteration":229,"passed_time":0.1188097911,"remaining_time":0.1394723635},
{"learn":[1094.018786],"iteration":230,"passed_time":0.1192269717,"remaining_time":0.1388400666},
{"learn":[1093.80193],"iteration":231,"passed_time":0.119645319,"remaining_time":0.1382109719},
{"learn":[1093.589461],"iteration":232,"passed_time":0.1200513742,"remaining_time":0.1375696004},
{"learn":[1093.391075],"iteration":233,"passed_time":0.1204629295,"remaining_time":0.1369364925},
{"learn":[1093.158273],"iteration":234,"passed_time":0.1208799851,"remaining_time":0.1363114725},
{"learn":[1092.994445],"iteration":235,"passed_time":0.1213828352,"remaining_time":0.1357841885},
{"learn":[1092.8032],"iteration":236,"passed_time":0.1217975573,"remaining_time":0.1351593147},
{"learn":[1092.627703],"iteration":237,"passed_time":0.122207446,"remaining_time":0.1345308859},
{"learn":[1092.453486],"iteration":238,"passed_time":0.1226007507,"remaining_time":0.1338861755},
{"learn":[1092.291703],"iteration":239,"passed_time":0.1230133895,"remaining_time":0.1332645053},
{"learn":[1092.098286],"iteration":240,"passed_time":0.1234756549,"remaining_time":0.132697903},
{"learn":[1091.950475],"iteration":241,"passed_time":0.1238950022,"remaining_time":0.1320864073},
{"learn":[1091.73714],"iteration":242,"passed_time":0.1243207247,"remaining_time":0.1314832356},
{"learn":[1091.534783],"iteration":243,"passed_time":0.1247441971,"remaining_time":0.1308791577},
{"learn":[1091.399526],"iteration":244,"passed_time":0.1251680029,"remaining_time":0.130276901},
{"learn":[1091.191029],"iteration":245,"passed_time":0.1255816417,"remaining_time":0.1296655975},
{"learn":[1090.982495],"iteration":246,"passed_time":0.125999614,"remaining_time":0.1290603333},
{"learn":[1090.858446],"iteration":247,"passed_time":0.1264098776,"remaining_time":0.1284487466},
{"learn":[1090.683901],"iteration":248,"passed_time":0.1268414753,"remaining_time":0.1278602824},
{"learn":[1090.479818],"iteration":249,"passed_time":0.1272400303,"remaining_time":0.1272400303},
{"learn":[1090.368021],"iteration":250,"passed_time":0.1276661695,"remaining_time":0.1266489092},
{"learn":[1090.165596],"iteration":251,"passed_time":0.1280898086,"remaining_time":0.126056637},
{"learn":[1089.976094],"iteration":252,"passed_time":0.1285041557,"remaining_time":0.1254566263},
{"learn":[1089.839256],"iteration":253,"passed_time":0.1289431287,"remaining_time":0.1248819278},
{"learn":[1089.645767],"iteration":254,"passed_time":0.1293717263,"remaining_time":0.1242983253},
{"learn":[1089.506861],"iteration":255,"passed_time":0.129793407,"remaining_time":0.1237093411},
{"learn":[1089.331388],"iteration":256,"passed_time":0.1302115043,"remaining_time":0.1231182706},
{"learn":[1089.128097],"iteration":257,"passed_time":0.1306363101,"remaining_time":0.1225348335},
{"learn":[1088.963737],"iteration":258,"passed_time":0.131073408,"remaining_time":0.1219640592},
{"learn":[1088.838263],"iteration":259,"passed_time":0.1314978805,"remaining_time":0.1213826589},
{"learn":[1088.672775],"iteration":260,"passed_time":0.1319095192,"remaining_time":0.1207907091},
{"learn":[1088.485336],"iteration":261,"passed_time":0.1323382418,"remaining_time":0.1202156548},
{"learn":[1088.359313],"iteration":262,"passed_time":0.1327471304,"remaining_time":0.1196238399},
{"learn":[1088.235663],"iteration":263,"passed_time":0.1331802282,"remaining_time":0.1190550525},
{"learn":[1088.08585],"iteration":264,"passed_time":0.1335876584,"remaining_time":0.1184645273},
{"learn":[1087.936475],"iteration":265,"passed_time":0.1340113809,"remaining_time":0.117889711},
{"learn":[1087.836811],"iteration":266,"passed_time":0.1344707712,"remaining_time":0.1173471524},
{"learn":[1087.714289],"iteration":267,"passed_time":0.1348847016,"remaining_time":0.1167658611},
{"learn":[1087.633901],"iteration":268,"passed_time":0.13528559,"remaining_time":0.1161746144},
{"learn":[1087.465922],"iteration":269,"passed_time":0.1356803531,"remaining_time":0.1155795601},
{"learn":[1087.322697],"iteration":270,"passed_time":0.1361034505,"remaining_time":0.1150099268},
{"learn":[1087.195443],"iteration":271,"passed_time":0.1365056723,"remaining_time":0.1144238724},
{"learn":[1087.080626],"iteration":272,"passed_time":0.1369141442,"remaining_time":0.1138443617},
{"learn":[1086.953303],"iteration":273,"passed_time":0.1373262829,"remaining_time":0.1132691239},
{"learn":[1086.816037],"iteration":274,"passed_time":0.1377462553,"remaining_time":0.1127014816},
{"learn":[1086.721922],"iteration":275,"passed_time":0.1381666859,"remaining_time":0.1121352813},
{"learn":[1086.577899],"iteration":276,"passed_time":0.1386597857,"remaining_time":0.1116286361},
{"learn":[1086.480705],"iteration":277,"passed_time":0.1390859249,"remaining_time":0.1110686163},
{"learn":[1086.379798],"iteration":278,"passed_time":0.1394995637,"remaining_time":0.1104996544},
{"learn":[1086.251499],"iteration":279,"passed_time":0.1400478736,"remaining_time":0.110037615},
{"learn":[1086.10771],"iteration":280,"passed_time":0.1405134725,"remaining_time":0.1095104999},
{"learn":[1086.010225],"iteration":281,"passed_time":0.1409312364,"remaining_time":0.1089468423},
{"learn":[1085.913002],"iteration":282,"passed_time":0.1413498336,"remaining_time":0.1083848548},
{"learn":[1085.761143],"iteration":283,"passed_time":0.1418420584,"remaining_time":0.1078798754},
{"learn":[1085.67134],"iteration":284,"passed_time":0.1422796563,"remaining_time":0.1073337758},
{"learn":[1085.546503],"iteration":285,"passed_time":0.1427463802,"remaining_time":0.1068102285},
{"learn":[1085.427537],"iteration":286,"passed_time":0.1431516853,"remaining_time":0.1062414947},
{"learn":[1085.314504],"iteration":287,"passed_time":0.1435703243,"remaining_time":0.1056837109},
{"learn":[1085.216389],"iteration":288,"passed_time":0.1440081305,"remaining_time":0.1051408842},
{"learn":[1085.099912],"iteration":289,"passed_time":0.1444149358,"remaining_time":0.1045763328},
{"learn":[1085.013142],"iteration":290,"passed_time":0.1448385749,"remaining_time":0.1040249558},
{"learn":[1084.904007],"iteration":291,"passed_time":0.1452555888,"remaining_time":0.1034697345},
{"learn":[1084.806396],"iteration":292,"passed_time":0.1456547271,"remaining_time":0.1029028276},
{"learn":[1084.647149],"iteration":293,"passed_time":0.1460835747,"remaining_time":0.1023578789},
{"learn":[1084.550307],"iteration":294,"passed_time":0.1464904216,"remaining_time":0.1017984285},
{"learn":[1084.443687],"iteration":295,"passed_time":0.1469164774,"remaining_time":0.1012532479},
{"learn":[1084.349021],"iteration":296,"passed_time":0.1473286995,"remaining_time":0.1006994141},
{"learn":[1084.278012],"iteration":297,"passed_time":0.1477550054,"remaining_time":0.1001560775},
{"learn":[1084.196521],"iteration":298,"passed_time":0.1481783528,"remaining_time":0.09961153482},
{"learn":[1084.113678],"iteration":299,"passed_time":0.1485932416,"remaining_time":0.09906216107},
{"learn":[1084.023212],"iteration":300,"passed_time":0.1490115472,"remaining_time":0.09851593985},
{"learn":[1083.929461],"iteration":301,"passed_time":0.1494216859,"remaining_time":0.09796521127},
{"learn":[1083.828739],"iteration":302,"passed_time":0.1498691591,"remaining_time":0.09743968431},
{"learn":[1083.737916],"iteration":303,"passed_time":0.1503415498,"remaining_time":0.09693073609},
{"learn":[1083.6132],"iteration":304,"passed_time":0.1507743976,"remaining_time":0.09639674601},
{"learn":[1083.544401],"iteration":305,"passed_time":0.1512059536,"remaining_time":0.09586259806},
{"learn":[1083.428408],"iteration":306,"passed_time":0.1516528019,"remaining_time":0.09533873211},
{"learn":[1083.337651],"iteration":307,"passed_time":0.1520541069,"remaining_time":0.09478697573},
{"learn":[1083.260246],"iteration":308,"passed_time":0.152517664,"remaining_time":0.09427467257},
{"learn":[1083.19174],"iteration":309,"passed_time":0.1529443032,"remaining_time":0.09374005681},
{"learn":[1083.106174],"iteration":310,"passed_time":0.1533989434,"remaining_time":0.09322315207},
{"learn":[1083.017533],"iteration":311,"passed_time":0.1538244575,"remaining_time":0.09268909621},
{"learn":[1082.961512],"iteration":312,"passed_time":0.1542351379,"remaining_time":0.09214687151},
{"learn":[1082.85684],"iteration":313,"passed_time":0.1547395714,"remaining_time":0.09166101997},
{"learn":[1082.748489],"iteration":314,"passed_time":0.155158377,"remaining_time":0.09112476108},
{"learn":[1082.675431],"iteration":315,"passed_time":0.1555782243,"remaining_time":0.09058985212},
{"learn":[1082.561774],"iteration":316,"passed_time":0.1560123638,"remaining_time":0.09006391977},
{"learn":[1082.499963],"iteration":317,"passed_time":0.1563992516,"remaining_time":0.08951152138},
{"learn":[1082.41209],"iteration":318,"passed_time":0.1568133071,"remaining_time":0.0889755755},
{"learn":[1082.341676],"iteration":319,"passed_time":0.1572260709,"remaining_time":0.08843966485},
{"learn":[1082.256232],"iteration":320,"passed_time":0.1576506683,"remaining_time":0.08791112034},
{"learn":[1082.170422],"iteration":321,"passed_time":0.1580677656,"remaining_time":0.08737907537},
{"learn":[1082.09904],"iteration":322,"passed_time":0.1584856128,"remaining_time":0.08684815315},
{"learn":[1082.032088],"iteration":323,"passed_time":0.1588895013,"remaining_time":0.08631034636},
{"learn":[1081.943587],"iteration":324,"passed_time":0.1592986399,"remaining_time":0.08577619071},
{"learn":[1081.868734],"iteration":325,"passed_time":0.1597267792,"remaining_time":0.08525294347},
{"learn":[1081.828066],"iteration":326,"passed_time":0.1600546651,"remaining_time":0.08467723871},
{"learn":[1081.744642],"iteration":327,"passed_time":0.1604718456,"remaining_time":0.08414987027},
{"learn":[1081.66373],"iteration":328,"passed_time":0.1609066518,"remaining_time":0.08363233269},
{"learn":[1081.570794],"iteration":329,"passed_time":0.1613178322,"remaining_time":0.08310312566},
{"learn":[1081.482324],"iteration":330,"passed_time":0.1617380545,"remaining_time":0.08257924836},
{"learn":[1081.446853],"iteration":331,"passed_time":0.1621562351,"remaining_time":0.08205496233},
{"learn":[1081.373295],"iteration":332,"passed_time":0.1625708322,"remaining_time":0.08152951646},
{"learn":[1081.270146],"iteration":333,"passed_time":0.1629732623,"remaining_time":0.08099868725},
{"learn":[1081.137908],"iteration":334,"passed_time":0.1633999015,"remaining_time":0.08048054851},
{"learn":[1081.059861],"iteration":335,"passed_time":0.1638292908,"remaining_time":0.07996429671},
{"learn":[1080.983073],"iteration":336,"passed_time":0.1642547217,"remaining_time":0.07944664579},
{"learn":[1080.913704],"iteration":337,"passed_time":0.1646685688,"remaining_time":0.07892398858},
{"learn":[1080.84764],"iteration":338,"passed_time":0.165086791,"remaining_time":0.0784040512},
{"learn":[1080.809268],"iteration":339,"passed_time":0.1654822625,"remaining_time":0.0778740059},
{"learn":[1080.768172],"iteration":340,"passed_time":0.1658949013,"remaining_time":0.07735275456},
{"learn":[1080.707582],"iteration":341,"passed_time":0.1663881261,"remaining_time":0.07686936818},
{"learn":[1080.667358],"iteration":342,"passed_time":0.166805265,"remaining_time":0.07635109795},
{"learn":[1080.598325],"iteration":343,"passed_time":0.1672083617,"remaining_time":0.07582704775},
{"learn":[1080.530372],"iteration":344,"passed_time":0.1676012498,"remaining_time":0.07529911223},
{"learn":[1080.484299],"iteration":345,"passed_time":0.1679946796,"remaining_time":0.07477219842},
{"learn":[1080.409507],"iteration":346,"passed_time":0.1684013181,"remaining_time":0.07425187802},
{"learn":[1080.325537],"iteration":347,"passed_time":0.1688213321,"remaining_time":0.07373805311},
{"learn":[1080.258779],"iteration":348,"passed_time":0.1692297207,"remaining_time":0.0732197359},
{"learn":[1080.205471],"iteration":349,"passed_time":0.169649693,"remaining_time":0.0727070113},
{"learn":[1080.143089],"iteration":350,"passed_time":0.1700699154,"remaining_time":0.07219492134},
{"learn":[1080.075984],"iteration":351,"passed_time":0.1704668036,"remaining_time":0.07167354242},
{"learn":[1080.022149],"iteration":352,"passed_time":0.1708752339,"remaining_time":0.07115767529},
{"learn":[1079.965343],"iteration":353,"passed_time":0.1713152902,"remaining_time":0.07065545867},
{"learn":[1079.899759],"iteration":354,"passed_time":0.1717225954,"remaining_time":0.07014021503},
{"learn":[1079.836109],"iteration":355,"passed_time":0.1721364425,"remaining_time":0.06962822395},
{"learn":[1079.779822],"iteration":356,"passed_time":0.1725422477,"remaining_time":0.06911356142},
{"learn":[1079.705818],"iteration":357,"passed_time":0.1729755538,"remaining_time":0.06861041521},
{"learn":[1079.649648],"iteration":358,"passed_time":0.1733580249,"remaining_time":0.06808769223},
{"learn":[1079.571334],"iteration":359,"passed_time":0.1737542464,"remaining_time":0.06757109584},
{"learn":[1079.495864],"iteration":360,"passed_time":0.174162635,"remaining_time":0.06705985117},
{"learn":[1079.424106],"iteration":361,"passed_time":0.174572732,"remaining_time":0.06654982602},
{"learn":[1079.36226],"iteration":362,"passed_time":0.1749969545,"remaining_time":0.06604568255},
{"learn":[1079.305821],"iteration":363,"passed_time":0.1753831757,"remaining_time":0.06552777993},
{"learn":[1079.231745],"iteration":364,"passed_time":0.1757954394,"remaining_time":0.06502023102},
{"learn":[1079.140051],"iteration":365,"passed_time":0.1762245371,"remaining_time":0.06451936603},
{"learn":[1079.087608],"iteration":366,"passed_time":0.1766268421,"remaining_time":0.06400918257},
{"learn":[1079.007617],"iteration":367,"passed_time":0.1770587732,"remaining_time":0.06351021212},
{"learn":[1078.961052],"iteration":368,"passed_time":0.1774696619,"remaining_time":0.0630041347},
{"learn":[1078.857459],"iteration":369,"passed_time":0.1778999679,"remaining_time":0.06250539412},
{"learn":[1078.803043],"iteration":370,"passed_time":0.1783164817,"remaining_time":0.06200222681},
{"learn":[1078.757284],"iteration":371,"passed_time":0.1787537046,"remaining_time":0.06150665106},
{"learn":[1078.711623],"iteration":372,"passed_time":0.1791693018,"remaining_time":0.06100402502},
{"learn":[1078.65406],"iteration":373,"passed_time":0.1795768154,"remaining_time":0.06049914102},
{"learn":[1078.600005],"iteration":374,"passed_time":0.179983704,"remaining_time":0.05999456798},
{"learn":[1078.559852],"iteration":375,"passed_time":0.1803895925,"remaining_time":0.05949018475},
{"learn":[1078.490264],"iteration":376,"passed_time":0.1807976061,"remaining_time":0.05898701736},
{"learn":[1078.438896],"iteration":377,"passed_time":0.1816187584,"remaining_time":0.05861769452},
{"learn":[1078.388406],"iteration":378,"passed_time":0.1820112298,"remaining_time":0.05810912615},
{"learn":[1078.345926],"iteration":379,"passed_time":0.1824240352,"remaining_time":0.05760759008},
{"learn":[1078.276977],"iteration":380,"passed_time":0.1828444659,"remaining_time":0.05710890143},
{"learn":[1078.212639],"iteration":381,"passed_time":0.1832609381,"remaining_time":0.05660939973},
{"learn":[1078.126628],"iteration":382,"passed_time":0.183676452,"remaining_time":0.05611003885},
{"learn":[1078.073723],"iteration":383,"passed_time":0.1840847989,"remaining_time":0.05560894967},
{"learn":[1078.038422],"iteration":384,"passed_time":0.1845013128,"remaining_time":0.05511078174},
{"learn":[1077.973916],"iteration":385,"passed_time":0.1849410358,"remaining_time":0.05461989139},
{"learn":[1077.872115],"iteration":386,"passed_time":0.1853431742,"remaining_time":0.05411829116},
{"learn":[1077.83519],"iteration":387,"passed_time":0.1858859006,"remaining_time":0.05365778573},
{"learn":[1077.786336],"iteration":388,"passed_time":0.1863057062,"remaining_time":0.05316178249},
{"learn":[1077.753072],"iteration":389,"passed_time":0.1867532628,"remaining_time":0.0526739972},
{"learn":[1077.6652],"iteration":390,"passed_time":0.1871581513,"remaining_time":0.05217452299},
{"learn":[1077.629393],"iteration":391,"passed_time":0.1875671649,"remaining_time":0.05167666788},
{"learn":[1077.57574],"iteration":392,"passed_time":0.1879987209,"remaining_time":0.0511854024},
{"learn":[1077.527852],"iteration":393,"passed_time":0.1884210684,"remaining_time":0.05069196255},
{"learn":[1077.476427],"iteration":394,"passed_time":0.1888384989,"remaining_time":0.05019757566},
{"learn":[1077.415667],"iteration":395,"passed_time":0.1893199316,"remaining_time":0.04972038608},
{"learn":[1077.326882],"iteration":396,"passed_time":0.1897314037,"remaining_time":0.04922502413},
{"learn":[1077.265915],"iteration":397,"passed_time":0.1902101279,"remaining_time":0.04874731922},
{"learn":[1077.234992],"iteration":398,"passed_time":0.1906397256,"remaining_time":0.04825717365},
{"learn":[1077.17724],"iteration":399,"passed_time":0.191051406,"remaining_time":0.04776285149},
{"learn":[1077.143771],"iteration":400,"passed_time":0.1914673365,"remaining_time":0.04726999081},
{"learn":[1077.072918],"iteration":401,"passed_time":0.1918926423,"remaining_time":0.04677979838},
{"learn":[1077.048043],"iteration":402,"passed_time":0.1923265318,"remaining_time":0.046291994},
{"learn":[1077.001081],"iteration":403,"passed_time":0.1927224616,"remaining_time":0.04579543643},
{"learn":[1076.941104],"iteration":404,"passed_time":0.1931320586,"remaining_time":0.04530258165},
{"learn":[1076.891824],"iteration":405,"passed_time":0.1935436973,"remaining_time":0.04481060973},
{"learn":[1076.841177],"iteration":406,"passed_time":0.1939584611,"remaining_time":0.04431974665},
{"learn":[1076.803861],"iteration":407,"passed_time":0.1943614329,"remaining_time":0.04382659762},
{"learn":[1076.764022],"iteration":408,"passed_time":0.194765613,"remaining_time":0.0433341584},
{"learn":[1076.726174],"iteration":409,"passed_time":0.1953182148,"remaining_time":0.04287473007},
{"learn":[1076.69285],"iteration":410,"passed_time":0.1957396038,"remaining_time":0.04238643489},
{"learn":[1076.601056],"iteration":411,"passed_time":0.1961594511,"remaining_time":0.04189813519},
{"learn":[1076.585326],"iteration":412,"passed_time":0.1968783084,"remaining_time":0.04147315456},
{"learn":[1076.507496],"iteration":413,"passed_time":0.1973642829,"remaining_time":0.04099837761},
{"learn":[1076.469763],"iteration":414,"passed_time":0.1977918805,"remaining_time":0.04051158998},
{"learn":[1076.42169],"iteration":415,"passed_time":0.1982009358,"remaining_time":0.04002134281},
{"learn":[1076.393007],"iteration":416,"passed_time":0.1986023242,"remaining_time":0.03952995901},
{"learn":[1076.350769],"iteration":417,"passed_time":0.1990078794,"remaining_time":0.03903982322},
{"learn":[1076.311],"iteration":418,"passed_time":0.1994204764,"remaining_time":0.03855145248},
{"learn":[1076.279419],"iteration":419,"passed_time":0.1998244066,"remaining_time":0.03806179172},
{"learn":[1076.232281],"iteration":420,"passed_time":0.2002435872,"remaining_time":0.03757539997},
{"learn":[1076.194845],"iteration":421,"passed_time":0.2006606011,"remaining_time":0.03708892627},
{"learn":[1076.175029],"iteration":422,"passed_time":0.2010628228,"remaining_time":0.03660008831},
{"learn":[1076.128036],"iteration":423,"passed_time":0.2014833785,"remaining_time":0.0361149452},
{"learn":[1076.068138],"iteration":424,"passed_time":0.2018977673,"remaining_time":0.03562901776},
{"learn":[1076.019073],"iteration":425,"passed_time":0.2023093643,"remaining_time":0.03514294122},
{"learn":[1075.992187],"iteration":426,"passed_time":0.2027131278,"remaining_time":0.0346558743},
{"learn":[1075.944541],"iteration":427,"passed_time":0.2031293083,"remaining_time":0.03417128551},
{"learn":[1075.894623],"iteration":428,"passed_time":0.2035309884,"remaining_time":0.03368461579},
{"learn":[1075.854572],"iteration":429,"passed_time":0.2041033824,"remaining_time":0.03322613202},
{"learn":[1075.766085],"iteration":430,"passed_time":0.2045592726,"remaining_time":0.03274846824},
{"learn":[1075.735546],"iteration":431,"passed_time":0.2049608277,"remaining_time":0.0322623525},
{"learn":[1075.677832],"iteration":432,"passed_time":0.2054044674,"remaining_time":0.0317831393},
{"learn":[1075.653626],"iteration":433,"passed_time":0.2058059391,"remaining_time":0.03129767738},
{"learn":[1075.615385],"iteration":434,"passed_time":0.2062318283,"remaining_time":0.03081625021},
{"learn":[1075.587324],"iteration":435,"passed_time":0.2066433837,"remaining_time":0.03033297376},
{"learn":[1075.540155],"iteration":436,"passed_time":0.2070589809,"remaining_time":0.02985060823},
{"learn":[1075.503153],"iteration":437,"passed_time":0.2074670361,"remaining_time":0.02936748},
{"learn":[1075.420987],"iteration":438,"passed_time":0.2078758414,"remaining_time":0.02888479801},
{"learn":[1075.399909],"iteration":439,"passed_time":0.2082926053,"remaining_time":0.02840353709},
{"learn":[1075.368868],"iteration":440,"passed_time":0.208674118,"remaining_time":0.02791785252},
{"learn":[1075.341423],"iteration":441,"passed_time":0.2090939653,"remaining_time":0.02743766966},
{"learn":[1075.298737],"iteration":442,"passed_time":0.2095174378,"remaining_time":0.02695822563},
{"learn":[1075.276101],"iteration":443,"passed_time":0.2099176178,"remaining_time":0.02647609594},
{"learn":[1075.231892],"iteration":444,"passed_time":0.2103632576,"remaining_time":0.02599995319},
{"learn":[1075.155026],"iteration":445,"passed_time":0.2108477321,"remaining_time":0.02552864918},
{"learn":[1075.138415],"iteration":446,"passed_time":0.2112263697,"remaining_time":0.02504473735},
{"learn":[1075.103928],"iteration":447,"passed_time":0.2116040906,"remaining_time":0.02456118909},
{"learn":[1075.062081],"iteration":448,"passed_time":0.2119818532,"remaining_time":0.02407811696},
{"learn":[1075.045088],"iteration":449,"passed_time":0.212364741,"remaining_time":0.02359608233},
{"learn":[1074.989121],"iteration":450,"passed_time":0.2127380867,"remaining_time":0.02311345067},
{"learn":[1074.934173],"iteration":451,"passed_time":0.21333794,"remaining_time":0.02265535647},
{"learn":[1074.890615],"iteration":452,"passed_time":0.2139654193,"remaining_time":0.02219950266},
{"learn":[1074.83176],"iteration":453,"passed_time":0.2145165626,"remaining_time":0.02173515833},
{"learn":[1074.791586],"iteration":454,"passed_time":0.2150063706,"remaining_time":0.02126436633},
{"learn":[1074.763058],"iteration":455,"passed_time":0.2154907618,"remaining_time":0.02079296824},
{"learn":[1074.741737],"iteration":456,"passed_time":0.2159840699,"remaining_time":0.02032235231},
{"learn":[1074.701289],"iteration":457,"passed_time":0.2165225878,"remaining_time":0.01985578316},
{"learn":[1074.679679],"iteration":458,"passed_time":0.217148192,"remaining_time":0.01939667946},
{"learn":[1074.635387],"iteration":459,"passed_time":0.2176004154,"remaining_time":0.01892177525},
{"learn":[1074.609836],"iteration":460,"passed_time":0.2179960536,"remaining_time":0.0184421824},
{"learn":[1074.586254],"iteration":461,"passed_time":0.218419901,"remaining_time":0.01796527324},
{"learn":[1074.542077],"iteration":462,"passed_time":0.2188551238,"remaining_time":0.01748950234},
{"learn":[1074.485162],"iteration":463,"passed_time":0.2193030138,"remaining_time":0.017014889},
{"learn":[1074.468889],"iteration":464,"passed_time":0.2197173192,"remaining_time":0.01653786274},
{"learn":[1074.417239],"iteration":465,"passed_time":0.2201230411,"remaining_time":0.01606047939},
{"learn":[1074.372953],"iteration":466,"passed_time":0.2206171825,"remaining_time":0.01558965101},
{"learn":[1074.339525],"iteration":467,"passed_time":0.2210451551,"remaining_time":0.01511419864},
{"learn":[1074.307111],"iteration":468,"passed_time":0.2214499186,"remaining_time":0.01463741466},
{"learn":[1074.238789],"iteration":469,"passed_time":0.2218701409,"remaining_time":0.01416192389},
{"learn":[1074.215001],"iteration":470,"passed_time":0.2222747378,"remaining_time":0.01368570572},
{"learn":[1074.188884],"iteration":471,"passed_time":0.2226588339,"remaining_time":0.01320857489},
{"learn":[1074.128424],"iteration":472,"passed_time":0.2230728893,"remaining_time":0.01273354759},
{"learn":[1074.069526],"iteration":473,"passed_time":0.2234969451,"remaining_time":0.0122593261},
{"learn":[1074.011418],"iteration":474,"passed_time":0.2239361264,"remaining_time":0.01178611192},
{"learn":[1073.970373],"iteration":475,"passed_time":0.2243321396,"remaining_time":0.01131086418},
{"learn":[1073.920459],"iteration":476,"passed_time":0.2247316113,"remaining_time":0.01083611543},
{"learn":[1073.887604],"iteration":477,"passed_time":0.2251767094,"remaining_time":0.01036378161},
{"learn":[1073.861035],"iteration":478,"passed_time":0.225575056,"remaining_time":0.009889511851},
{"learn":[1073.835913],"iteration":479,"passed_time":0.2259885281,"remaining_time":0.009416188672},
{"learn":[1073.799952],"iteration":480,"passed_time":0.2264105005,"remaining_time":0.008943450125},
{"learn":[1073.701861],"iteration":481,"passed_time":0.2268040136,"remaining_time":0.00846985943},
{"learn":[1073.646883],"iteration":482,"passed_time":0.2273081138,"remaining_time":0.008000492617},
{"learn":[1073.605509],"iteration":483,"passed_time":0.2277126689,"remaining_time":0.007527691534},
{"learn":[1073.567667],"iteration":484,"passed_time":0.228135683,"remaining_time":0.007055742773},
{"learn":[1073.513503],"iteration":485,"passed_time":0.228576031,"remaining_time":0.00658449472},
{"learn":[1073.481757],"iteration":486,"passed_time":0.2289755026,"remaining_time":0.006112282411},
{"learn":[1073.452687],"iteration":487,"passed_time":0.2294604771,"remaining_time":0.005642470749},
{"learn":[1073.332308],"iteration":488,"passed_time":0.2299738276,"remaining_time":0.005173235385},
{"learn":[1073.272898],"iteration":489,"passed_time":0.2304178423,"remaining_time":0.004702404946},
{"learn":[1073.249307],"iteration":490,"passed_time":0.2308361896,"remaining_time":0.004231213252},
{"learn":[1073.211709],"iteration":491,"passed_time":0.2312108688,"remaining_time":0.003759526321},
{"learn":[1073.181912],"iteration":492,"passed_time":0.2316110071,"remaining_time":0.003288594421},
{"learn":[1073.144839],"iteration":493,"passed_time":0.2320310211,"remaining_time":0.00281819054},
{"learn":[1073.114673],"iteration":494,"passed_time":0.2324577436,"remaining_time":0.002348058017},
{"learn":[1073.084671],"iteration":495,"passed_time":0.2328686323,"remaining_time":0.001877972841},
{"learn":[1073.050744],"iteration":496,"passed_time":0.2332732291,"remaining_time":0.001408087902},
{"learn":[1073.005241],"iteration":497,"passed_time":0.2337631205,"remaining_time":0.0009388077127},
{"learn":[1072.984037],"iteration":498,"passed_time":0.2342778043,"remaining_time":0.0004694945977},
{"learn":[1072.96435],"iteration":499,"passed_time":0.2347077769,"remaining_time":0}
]}